{"cameraMode":{"drawMode":0,"name":"Shaded","section":"Shading Mode"},"sceneLighting":false,"audioPlay":false,"sceneViewState":{"showFog":true,"showMaterialUpdate":false,"showSkybox":false,"showFlares":true,"showImageEffects":true,"showParticleSystems":true},"in2DMode":false,"pivot":{"x":181.04379272460938,"y":921.5885620117188,"z":-10.864237785339356},"rotation":{"x":-0.3028900921344757,"y":-0.026875054463744165,"z":0.008755489252507687,"w":-0.9527480006217957},"size":202.1084442138672,"orthographic":false}