{"cameraMode":{"drawMode":0,"name":"Shaded","section":"Shading Mode"},"sceneLighting":false,"audioPlay":false,"sceneViewState":{"showFog":true,"showMaterialUpdate":true,"showSkybox":false,"showFlares":true,"showImageEffects":true,"showParticleSystems":true},"in2DMode":false,"pivot":{"x":-49.235328674316409,"y":-0.28418540954589846,"z":14.876676559448243},"rotation":{"x":0.13167960941791535,"y":0.4676417410373688,"z":-0.07066650688648224,"w":0.8712352514266968},"size":0.8185350298881531,"orthographic":false}