{"cameraMode":{"drawMode":0,"name":"Shaded","section":"Shading Mode"},"sceneLighting":false,"audioPlay":false,"sceneViewState":{"showFog":true,"showMaterialUpdate":false,"showSkybox":false,"showFlares":true,"showImageEffects":true,"showParticleSystems":true},"in2DMode":false,"pivot":{"x":-73.25271606445313,"y":-0.10492320358753205,"z":5.745725631713867},"rotation":{"x":-0.003297648625448346,"y":0.9986469149589539,"z":-0.052740685641765597,"w":-0.02558441273868084},"size":0.21853643655776978,"orthographic":false}