{"cameraMode":{"drawMode":0,"name":"Shaded","section":"Shading Mode"},"sceneLighting":true,"audioPlay":false,"sceneViewState":{"showFog":true,"showMaterialUpdate":true,"showSkybox":true,"showFlares":true,"showImageEffects":true,"showParticleSystems":true},"in2DMode":false,"pivot":{"x":-74.80699920654297,"y":-0.4836442768573761,"z":5.974671363830566},"rotation":{"x":0.17063772678375245,"y":-0.10674207657575607,"z":0.0186456311494112,"w":0.9794043302536011},"size":0.8185365200042725,"orthographic":false}