{"cameraMode":{"drawMode":0,"name":"Shaded","section":"Shading Mode"},"sceneLighting":false,"audioPlay":false,"sceneViewState":{"showFog":true,"showMaterialUpdate":true,"showSkybox":false,"showFlares":true,"showImageEffects":true,"showParticleSystems":true},"in2DMode":false,"pivot":{"x":-74.0739974975586,"y":-0.29731470346450808,"z":4.581096172332764},"rotation":{"x":0.010099583305418492,"y":0.9586610794067383,"z":-0.2824259400367737,"w":0.034213896840810779},"size":1.2169132232666016,"orthographic":false}