{"cameraMode":{"drawMode":0,"name":"Shaded","section":"Shading Mode"},"sceneLighting":false,"audioPlay":false,"sceneViewState":{"showFog":true,"showMaterialUpdate":false,"showSkybox":false,"showFlares":true,"showImageEffects":true,"showParticleSystems":true},"in2DMode":false,"pivot":{"x":0.12356184422969818,"y":0.058167777955532077,"z":-0.08365759998559952},"rotation":{"x":0.10331113636493683,"y":-0.6990500092506409,"z":0.1001436859369278,"w":0.700996458530426},"size":0.13420750200748444,"orthographic":false}