{"cameraMode":{"drawMode":0,"name":"Shaded","section":"Shading Mode"},"sceneLighting":false,"audioPlay":false,"sceneViewState":{"showFog":true,"showMaterialUpdate":false,"showSkybox":false,"showFlares":true,"showImageEffects":true,"showParticleSystems":true},"in2DMode":false,"pivot":{"x":-0.04441710561513901,"y":0.013943955302238465,"z":-0.007699847221374512},"rotation":{"x":-0.018346745520830156,"y":0.016921304166316987,"z":0.0015346090076491237,"w":-1.0000343322753907},"size":0.4316316545009613,"orthographic":false}