{"cameraMode":{"drawMode":0,"name":"Shaded","section":"Shading Mode"},"sceneLighting":false,"audioPlay":false,"sceneViewState":{"showFog":true,"showMaterialUpdate":false,"showSkybox":false,"showFlares":true,"showImageEffects":true,"showParticleSystems":true},"in2DMode":false,"pivot":{"x":12.398048400878907,"y":-69.06086730957031,"z":17.566314697265626},"rotation":{"x":-0.2719242572784424,"y":-0.6444702744483948,"z":0.2642010450363159,"w":-0.66419517993927},"size":56.63145065307617,"orthographic":false}