{"cameraMode":{"drawMode":0,"name":"Shaded","section":"Shading Mode"},"sceneLighting":false,"audioPlay":false,"sceneViewState":{"showFog":true,"showMaterialUpdate":false,"showSkybox":false,"showFlares":true,"showImageEffects":true,"showParticleSystems":true},"in2DMode":false,"pivot":{"x":-77.04093933105469,"y":-0.3635328710079193,"z":5.676609992980957},"rotation":{"x":-0.011432036757469178,"y":-0.9735367894172669,"z":0.2228195071220398,"w":-0.0499655120074749},"size":0.8185364007949829,"orthographic":false}