{"cameraMode":{"drawMode":0,"name":"Shaded","section":"Shading Mode"},"sceneLighting":false,"audioPlay":false,"sceneViewState":{"showFog":true,"showMaterialUpdate":false,"showSkybox":false,"showFlares":true,"showImageEffects":true,"showParticleSystems":true},"in2DMode":false,"pivot":{"x":175.14923095703126,"y":125.169921875,"z":81.05487823486328},"rotation":{"x":-0.04713285714387894,"y":0.9355080127716065,"z":-0.3223280608654022,"w":-0.13679741322994233},"size":277.47650146484377,"orthographic":false}