{"cameraMode":{"drawMode":0,"name":"Shaded","section":"Shading Mode"},"sceneLighting":false,"audioPlay":false,"sceneViewState":{"showFog":true,"showMaterialUpdate":false,"showSkybox":false,"showFlares":true,"showImageEffects":true,"showParticleSystems":true},"in2DMode":false,"pivot":{"x":2.9949748516082765,"y":-2.819831609725952,"z":1.1872873306274415},"rotation":{"x":-0.2707490026950836,"y":-0.5515758395195007,"z":0.1956283450126648,"w":-0.764587938785553},"size":2.4248712062835695,"orthographic":false}