{"cameraMode":{"drawMode":0,"name":"Shaded","section":"Shading Mode"},"sceneLighting":false,"audioPlay":false,"sceneViewState":{"showFog":true,"showMaterialUpdate":false,"showSkybox":false,"showFlares":true,"showImageEffects":true,"showParticleSystems":true},"in2DMode":false,"pivot":{"x":-0.4450797140598297,"y":0.12028682231903076,"z":0.03262889385223389},"rotation":{"x":-0.07305684685707092,"y":0.8767586350440979,"z":-0.14050762355327607,"w":-0.45455366373062136},"size":2.4248712062835695,"orthographic":false}